{
  "x1_star": 431,
  "x2_star": 51,
  "risk_star": 0.00031921024302146016,
  "mv1": 3.8895385806957975e-07,
  "mv2": 4.4344580449272684e-07
}