{
  "x1_star": 133,
  "x2_star": 25,
  "risk_star": 0.0014080667342625795,
  "mv1": 7.3529592079042344e-06,
  "mv2": 7.680000000000001e-06
}